Date,Symbol,Action,Confidence,PnL,Reasoning
2026-01-07T10:00:49.373Z,BNBUSDT,HOLD,85,N/A,"While technicals show strong bearish signals (4/4 SHORT score, RSI 36.65, bearish EMA cross, negative MACD), the current price ($911.78) is already below both EMAs and near recent lows. Multiple consecutive candles show high wicks indicating rejection at higher prices, but price has been consolidating in a tight range. The 0.15% ATR shows extremely low volatility, suggesting a potential consolidation phase. BTC is down -1.93%, providing bearish context, but BNB is only down 0.47%. With such low volatility, the immediate downside may be limited. Better to wait for a clearer break below recent support or a volatility expansion before entering."
2026-01-07T10:00:49.373Z,ETHUSDT,SELL,85,N/A,"Strong bearish setup: EMA9 < EMA21 with clear bearish trend, RSI 35.57 supports SHORT, MACD confirms bearish momentum, all 4 entry conditions favor SHORT. Price below both EMAs and recent candles show rejection at higher levels with multiple high wicks indicating selling pressure."
2026-01-07T10:00:49.373Z,BTCUSDT,SELL,85,N/A,"Strong bearish trend with EMA9 below EMA21, RSI at 38.65 supporting further downside, and MACD showing bearish momentum. Entry quality score is 4/4 for SHORT, indicating a high-probability setup aligned with the trend."
2026-01-07T09:51:43.321Z,BTCUSDT,CLOSE,90,-298.1709,"Existing SHORT position is currently at a loss (-0.76% from entry) while the market analysis indicates a STRONG SHORT signal. However, the position was opened against the recent price action, which shows a bounce from lower levels. This creates conflicting signals and increased risk. The conservative rule is to close a losing position when the market context is unclear or when the initial trade premise is challenged by immediate price action. Preserving capital is the priority."
2026-01-07T09:51:43.321Z,ETHUSDT,HOLD,85,N/A,"Currently short with modest profit. Strong bearish signals (EMA trend, MACD negative, entry score 3/4) but RSI at 17.92 indicates extreme oversold condition - high risk of short-term bounce. Better to hold existing position with current stop loss (2%) rather than add new shorts at oversold levels."
2026-01-07T09:47:12.972Z,SOLUSDT,HOLD,85,N/A,"Despite a strong LONG entry score, the EMA trend is extremely weak (0.07% separation) and recent candles show multiple high wicks, indicating strong selling pressure near $139.20. Price is below both EMAs. This is a confusing, low-momentum consolidation. A conservative trader should wait for a clearer breakout or a stronger trend confirmation."
2026-01-07T09:47:12.972Z,ETHUSDT,SELL,78,N/A,"Strong bearish setup: SHORT score 3/4, EMA trend bearish, RSI low but not extreme oversold, MACD confirms bearish momentum, and BTC is bearish providing negative context."
2026-01-07T09:47:12.972Z,BTCUSDT,SELL,72,N/A,"Strong bearish signals: EMA9 < EMA21 (bearish trend), RSI 29.85 (oversold but still declining), MACD negative with bearish momentum, SHORT score 3/4. Recent price action shows consistent lower highs and rejections. Moderate confidence due to RSI approaching oversold territory, requiring tighter stops."
2026-01-07T09:42:18.616Z,BNBUSDT,HOLD,85,N/A,"While technicals strongly favor SHORT (4/4 score), the current position is already profitable (+$83.26). The market shows multiple high wicks indicating selling pressure, and the EMA trend is bearish but very weak. The conservative strategy is to let the profitable position run to the original take profit target rather than open a new one. Closing now would forfeit potential gains from the established setup."
2026-01-07T09:42:18.616Z,SOLUSDT,HOLD,82,N/A,"While LONG score is 3/4, the EMA trend is flagged as 'very weak' with only a 0.06% separation. Multiple recent candles show high wicks indicating rejection above $139.20. Price is currently below both EMAs ($136.90 vs $139.01). Conservative rules prioritize clear trends; this lacks a strong directional signal. Better to wait for a stronger setup."
2026-01-07T09:42:18.616Z,BTCUSDT,SELL,78,N/A,"Strong technical setup favoring SHORT: EMA bearish trend, RSI at 36 supports further downside, MACD shows bearish momentum, and recent candles show consistent high wicks and price rejection. Entry quality score is 4/4 for SHORT."
2026-01-07T09:38:57.111Z,BNBUSDT,SELL,85,N/A,"Strong bearish indicators: EMA9 below EMA21, RSI at 37.81 supporting shorts, MACD showing bearish momentum, and short entry score 4/4. Recent price action with high wicks indicates resistance and potential downward continuation. BTC market context also bearish."
2026-01-07T09:38:57.111Z,SOLUSDT,HOLD,85,N/A,"Entry quality is strong, but the EMA trend is flagged as 'very weak' (0.06% separation) and recent candles show high wicks, indicating indecision. This violates the rule to only trade with a clear trend direction. Preserving capital is the priority, so waiting for a stronger, more decisive setup is best."
2026-01-07T09:38:57.111Z,ETHUSDT,HOLD,85,N/A,"Current SHORT position is performing well (EMA9 < EMA21, RSI 32, MACD bearish). Entry quality remains STRONG for SHORT. Position is only 21 minutes old and up 0.07%. No reason to close prematurely; let the bearish trend continue to target. HOLD to allow profit to run according to original SL/TP plan."
2026-01-07T09:37:55.097Z,BTCUSDT,CLOSE,85,-31.40114499,"Current SHORT position is underwater (-0.08% PnL). Despite a strong bearish signal score (4/4), the position was opened near the recent lows and price has slightly moved against it. The global BTC context is bearish, but price action shows repeated high wicks, suggesting selling pressure may be meeting support. To preserve capital per the conservative rules, it's prudent to close this small, early loss and wait for a cleaner entry if the bearish trend resumes."
2026-01-07T09:37:55.097Z,ETHUSDT,HOLD,82,N/A,"Currently holding SHORT position with small loss (-0.13%). Entry still valid: bearish trend (EMA9<EMA21), RSI 33 supports continuation, MACD bearish, SHORT score 3/4. Position was opened recently (15m ago). Current -$50 loss is within acceptable range for volatility. Let position run with existing SL/TP levels rather than closing prematurely."
2026-01-07T09:27:37.689Z,SOLUSDT,HOLD,83,N/A,"Analysis shows STRONG LONG signals (3/4 score, bullish momentum). However, the EMA trend is extremely weak (0.06% difference) and the market is consolidating with small candles. This is not a high-probability, clear-trend setup as required by conservative rules. Better to wait for a stronger trend confirmation."
2026-01-07T09:27:37.689Z,ETHUSDT,HOLD,85,N/A,"Existing SHORT position has just been opened (10 minutes ago) and shows a small unrealized loss (-$57.79). The market analysis confirms bearish signals: EMA9 < EMA21 (bearish trend), RSI at 31.20 (still OK for SHORT), MACD showing bearish momentum, and ENTRY QUALITY CHECK gives SHORT score 3/4. However, with the position already active and only a minor loss, closing now would be premature. The 2% stop loss should handle normal fluctuations. Better to let the position run according to the original plan rather than react emotionally to small moves."
2026-01-07T09:27:37.689Z,BTCUSDT,SELL,80,N/A,"Strong bearish setup: EMA trend is bearish, RSI at 41 supports further downside, MACD shows bearish momentum, and entry quality check is 4/4 for SHORT. Price is below both EMAs, indicating a clear trend to follow. Multiple candles show rejection at higher levels with high wicks."
2026-01-07T09:22:11.804Z,BTCUSDT,HOLD,85,N/A,"Strong bearish signals with EMA trend below, RSI at 40.37 (bearish), and MACD confirming bearish momentum. Current SHORT position is in small profit (0.15%) and market conditions strongly favor continuing the short. No reversing momentum detected; recent price action shows resistance at higher levels."
2026-01-07T09:22:11.804Z,ETHUSDT,HOLD,85,N/A,"Strong short setup confirmed by bearish trend, RSI 36.66, and MACD. However, existing short position is currently in a loss (-0.4%). Market volatility is low (ATR 0.24%) and price has retraced slightly against position. Let the position run to the original stop loss/take profit levels as the underlying bearish thesis remains intact. No new entry needed while a position is active."
2026-01-07T09:17:18.708Z,BNBUSDT,HOLD,85,N/A,"EMA trend shows BEARISH but very weak (EMA9 < EMA21 by only 0.02%). SHORT entry score is 3/4 but RSI is bullish at 45.44, creating conflicting signals. Price action shows indecision with mixed candles and wicks. Market is consolidating with low volatility (ATR 0.17%). Better to wait for clearer trend direction."
2026-01-07T09:17:18.708Z,SOLUSDT,HOLD,85,N/A,"Market is sideways with no clear trend (EMA9=EMA21). Although entry quality check strongly favors SHORT, the overall trend is neutral and trading rules emphasize trading with clear trend. Preserving capital by waiting for a clearer setup."
2026-01-07T09:17:18.708Z,ETHUSDT,SELL,72,N/A,"Strong bearish signals: EMA9 < EMA21 (bearish trend), RSI (29.55) low but acceptable for SHORT, MACD shows bearish momentum, entry score 3/4 favoring SHORT. Multiple recent candles show high wicks and rejection, suggesting weakness. Risk managed with tight stop."
2026-01-07T09:17:18.708Z,BTCUSDT,SELL,82,N/A,"STRONG short setup: EMA trend bearish, RSI bearish (42), MACD bearish momentum, entry score 4/4. Price below key EMAs with recent candles showing rejection at highs (multiple high wicks). Trading with the trend."
2026-01-07T09:12:04.135Z,BNBUSDT,HOLD,85,N/A,"Despite LONG score of 3/4, overall trend is NEUTRAL with EMA9 and EMA21 almost identical (0.01% difference). Market shows sideways consolidation with multiple high wicks in recent candles, indicating indecision. RSI at 47.66 is neutral. Conservative approach: wait for clearer trend direction before entering."
2026-01-07T09:12:04.135Z,SOLUSDT,HOLD,75,N/A,"Mixed signals: short score is 3/4 but trend is labeled BULLISH and very weak (EMA9 ≈ EMA21). RSI is neutral-bullish at 51.28. MACD shows bearish momentum, but price action is choppy. Risk of a false short signal in a weak bullish trend is high. Preserving capital is priority."
2026-01-07T09:12:04.135Z,ETHUSDT,HOLD,85,N/A,"While SHORT score is 3/4 and indicators show bearish momentum, the trend is extremely weak (EMA9 < EMA21 by only 0.14%). RSI at 32.36 is approaching oversold territory, increasing risk of bounce. Recent candles show consistent high wicks indicating rejection at higher prices but also potential support. Better to wait for clearer trend confirmation or RSI to stabilize before entering short position."
2026-01-07T09:12:04.135Z,BTCUSDT,HOLD,85,N/A,"Despite SHORT score of 4/4, trend is VERY weak (EMA9 < EMA21 by only 0.04%). Multiple high wicks in recent candles indicate rejection at ~$92900 resistance but price consolidated. RSI at 46.2 is neutral. ATR shows low volatility (0.20%). Better to wait for stronger trend confirmation and less ambiguous signals."
2026-01-07T09:04:19.563Z,BNBUSDT,HOLD,75,N/A,"Existing LONG position has minimal loss (-0.10%); market conditions favor LONG with strong entry score (3/4), bullish RSI, and MACD momentum, but EMA trend is weak. Holding with tight stops is prudent to allow position to develop while managing risk."
2026-01-07T09:04:19.563Z,SOLUSDT,HOLD,78,N/A,"Analysis shows a BEARISH overall trend and a STRONG SHORT entry score (4/4). However, the EMA trend is noted as 'very weak' (EMA9 < EMA21 by only 0.02%) and the RSI is neutral at 49.28. While the signals favor a SHORT, the extremely weak trend momentum and tight, choppy price action in the recent candles suggest low conviction for a clear directional move. Preserving capital by waiting for a stronger trend confirmation aligns with conservative risk management."
2026-01-07T09:04:19.563Z,ETHUSDT,HOLD,85,N/A,"Overall trend flagged as NEUTRAL/SIDEWAYS with a very weak EMA trend. While the LONG entry quality score is 3/4 and indicators are slightly bullish, the price action shows multiple candles with high wicks, indicating rejection and lack of strong momentum. The conservative strategy prioritizes capital preservation and waiting for a clear trend. The risk of entering a choppy, range-bound market outweighs the potential reward."
2026-01-07T09:04:19.563Z,BTCUSDT,HOLD,85,N/A,"Sideways market with weak bullish trend. Multiple high wicks indicate resistance. Waiting for stronger trend confirmation."
2026-01-07T08:59:02.639Z,BNBUSDT,BUY,70,N/A,"Overall trend bullish with strong LONG entry score (3/4). RSI good for LONG, MACD shows bullish momentum. EMA trend is bullish, though weak, requiring a tighter stop. Recent candles show consolidation near EMA support, providing a potential entry point."
2026-01-07T08:59:02.639Z,SOLUSDT,HOLD,85,N/A,"Overall trend flagged as NEUTRAL/SIDEWAYS with 'NO CLEAR TREND. HOLDING IS RECOMMENDED.' EMA trend is described as 'Very weak trend. Consider waiting or tight stops.' The analysis explicitly advises waiting, aligning with conservative strategy. While SHORT score is 4/4, the primary market condition warning overrides it. Preserving capital by waiting is the priority."
2026-01-07T08:59:02.639Z,ETHUSDT,HOLD,85,N/A,"Analysis shows STRONG LONG signal (3/4) with bullish indicators, but EMA trend is very weak (0.04% difference) and multiple recent candles show high wicks indicating rejection. Price is consolidating with low volatility (0.37% ATR). Better to wait for stronger trend confirmation or clearer breakout."
2026-01-07T08:59:02.639Z,BTCUSDT,HOLD,85,N/A,"Entry score strongly favors LONG, but trend strength flagged as 'Very weak' and EMA9/21 are nearly identical. Recent candles show repeated high wicks and rejection, indicating resistance near $92,900-$93,000. RSI is neutral. While conditions favor LONG, the weak trend momentum and clear overhead resistance create excessive risk for a new entry. Preserving capital by waiting for a stronger, clearer setup is the prudent choice."
2026-01-07T08:53:51.763Z,BNBUSDT,HOLD,85,N/A,"While LONG signals are present (EMA bullish, MACD bullish, RSI favorable), the EMA trend is extremely weak (0.04% difference). Recent candles show high wicks and choppy price action with minimal movement. This suggests low momentum and uncertain direction. With a conservative approach and capital preservation priority, waiting for a stronger, clearer trend confirmation is best."
2026-01-07T08:53:51.763Z,SOLUSDT,SELL,72,N/A,"STRONG short setup (4/4 score) with overall bearish trend, bearish EMA crossover, bearish MACD momentum. RSI at 47.38 provides good entry for short position. Recent price action shows multiple high wicks indicating rejection at higher levels."
2026-01-07T08:53:51.763Z,BTCUSDT,HOLD,82,N/A,"Analysis shows a STRONG LONG entry score, but the EMA trend is flagged as 'very weak' and recent candles show multiple high wicks, indicating strong rejection near $92907-$92990. This creates conflicting signals. The price is also at a local high with a negative 24h change. The conservative rules prioritize capital preservation and clear trend direction, which is lacking here. Better to wait for a clearer, higher-conviction setup."
2026-01-07T08:49:46.567Z,BNBUSDT,HOLD,62,N/A,"Entry quality 3/4 for LONG but market flagged as SIDEWAYS/NEUTRAL with 'Very weak trend'. EMA9 barely above EMA21 (0.04%). Strong setups require clear trend direction. Better to wait for stronger confirmation."
2026-01-07T08:49:46.567Z,SOLUSDT,HOLD,85,N/A,"Strong SHORT entry thesis remains valid. EMA trend is BEARISH, MACD shows BEARISH momentum, and SHORT score is 4/4. The existing position has a small unrealized profit. The rules state to let trades run to the take profit unless the thesis is invalidated or momentum reverses significantly. No invalidation signals are present; price is below the entry point and indicators support further downside."
2026-01-07T08:49:46.567Z,ETHUSDT,BUY,78,N/A,"Strong long setup score (3/4). EMA bullish, RSI neutral-bullish, MACD bullish momentum confirming. Trading with moderate confidence due to weak trend width but overall favorable conditions."
2026-01-07T08:49:46.567Z,BTCUSDT,HOLD,60,N/A,"Long score is 3/4, but EMA trend is flagged as very weak (0.02% separation) and recent candles show multiple high wicks near resistance. This creates a moderate-to-high risk environment for a new long entry. The conservative strategy prioritizes capital preservation, so waiting for a stronger, more decisive trend confirmation is better."
2026-01-07T08:44:50.954Z,BNBUSDT,HOLD,58,N/A,"Overall trend is NEUTRAL/SIDEWAYS with very weak EMA separation (0.06%). While LONG score is 3/4 and RSI/MACD are bullish, the weak trend structure and recent price action with high wicks suggest low momentum and consolidation. Market context: BTC down -0.84% adding headwind. No clear trend direction for high-probability entry."
2026-01-07T08:44:50.954Z,SOLUSDT,SELL,80,N/A,"Strong short setup: 4/4 short score, bearish EMA trend, bearish MACD momentum, and recent price action showing rejection wicks at highs. RSI is neutral at 45, not oversold, allowing room for downside."
2026-01-07T08:44:50.954Z,ETHUSDT,HOLD,65,N/A,"Entry score is 4/4 for SHORT, indicating a strong setup. However, the EMA trend is flagged as 'very weak' with only a 0.01% difference, placing price in a transition/consolidation zone which is a rule-out condition. RSI is not oversold (<25) and is bearish, supporting a short, but the primary EMA conflict and lack of a strong trend make the risk too high for a conservative account. Wait for a clearer trend separation."
2026-01-07T08:44:50.954Z,BTCUSDT,HOLD,50,N/A,"Overall market is NEUTRAL with NO CLEAR TREND (EMA9 and EMA21 are almost equal). While SHORT score is 3/4, the EMA trend is very weak and momentum is conflicting (RSI is bullish at 49.41, MACD is bearish). Recent candles show high wicks, indicating rejection and choppy price action. Conservative rules require a clear trend for entry; this is a SIDEWAYS MARKET. Wait for a stronger, clearer setup."
2026-01-07T08:40:15.563Z,BNBUSDT,HOLD,60,N/A,"EMA trend is very weak with EMA9 and EMA21 extremely close (0.08% difference), indicating a transition zone. Despite a 3/4 LONG score, the weak trend and recent high wicks suggest indecision. Preserving capital is priority; waiting for clearer trend confirmation."
2026-01-07T08:40:15.563Z,SOLUSDT,HOLD,35,N/A,"SHORT score 4/4 suggests bearish conditions, but EMA trend shows only 0.05% separation - too weak for reliable entry. Recent candles show indecision with multiple wicks. RSI at 49.89 is neutral, not confirming strong bearish momentum. ATR volatility very low (0.25%) suggesting limited movement potential. Conservative approach: wait for clearer trend confirmation or stronger momentum."
2026-01-07T08:40:15.563Z,ETHUSDT,HOLD,62,N/A,"Overall trend is NEUTRAL/SIDEWAYS with EMA trend flagged as 'very weak'. LONG score is 3/4, but strategy requires a clear trend for high-probability entry. Conflicting signals: RSI and MACD are bullish, but price action shows recent high wicks and choppiness. Risk of whipsaw in sideways market is high. Preserving capital is priority."
2026-01-07T08:40:15.563Z,BTCUSDT,HOLD,30,N/A,"Overall trend is NEUTRAL/SIDEWAYS with no clear direction. While the SHORT score is 4/4, the EMA trend is BEARISH but with a negligible difference (0.01%), indicating a very weak trend. Market context shows sideways price action with multiple high wicks, suggesting rejection and indecision. For a small account, preserving capital is the priority. The weak trend and sideways market do not meet the threshold for a high-probability entry. Wait for a clearer trend or stronger momentum confirmation."
2026-01-07T07:49:42.400Z,SOLUSDT,HOLD,30,N/A,"Trend is weak and sideways, EMA9 and EMA21 are very close, MACD histogram is only slightly negative and recent candles show high wicks indicating uncertainty. Although short score is high, the overall conditions for a high‑probability entry are not met, so capital preservation dictates waiting."
2026-01-07T07:49:42.400Z,ETHUSDT,HOLD,45,N/A,"Trend is weak/sideways with EMA9 and EMA21 almost equal, high wicks indicate uncertainty, and MACD momentum is modest. Not enough clear, high‑probability setup to risk capital."
2026-01-07T07:49:42.400Z,BTCUSDT,HOLD,30,N/A,"EMA9 and EMA21 are almost equal indicating a sideways market; overall trend is neutral, MACD histogram is bearish but momentum is fading; no clear breakout or pull‑back pattern; RSI is neutral; risk/reward cannot be assured ≥3:1."
2026-01-07T07:44:43.390Z,SOLUSDT,HOLD,30,N/A,"Trend is weak/sideways and EMA gap is minimal; momentum is fading and price action lacks a clear pattern, so entry criteria are not met."
2026-01-07T07:44:43.390Z,ETHUSDT,HOLD,40,N/A,"EMA9 and EMA21 are almost equal, indicating a weak/sideways market; multiple recent candles show high wicks (rejection), and RSI is neutral. Trend and momentum are not clear enough for a high‑probability entry."
2026-01-07T07:44:43.390Z,BTCUSDT,HOLD,35,N/A,"Market is sideways with weak EMA separation, high wicks indicating uncertainty, RSI neutral, and no clear trend or strong momentum. Conditions for a high‑probability entry are not met."
2026-01-07T07:39:43.687Z,SOLUSDT,HOLD,30,N/A,"EMA9 and EMA21 are nearly equal, indicating a weak/sideways market. Overall trend is neutral, MACD momentum is minimal, and recent candles show high wicks and rejection. Conditions for a clear, strong trend and robust momentum are not met, so capital preservation dictates no trade."
2026-01-07T07:39:43.687Z,ETHUSDT,HOLD,55,N/A,"Although RSI and MACD are modestly bullish, EMA9/EMA21 are almost overlapping and recent candles show many high wicks, indicating a weak/sideways market. Trend strength is insufficient for a high‑probability entry."
2026-01-07T07:39:43.687Z,BTCUSDT,HOLD,45,N/A,"EMA9 and EMA21 are almost identical, indicating a weak/sideways market. Recent candles show high wicks, creating uncertainty. Momentum signals are not strong enough to justify entry."
2026-01-07T07:34:47.255Z,SOLUSDT,HOLD,30,N/A,"EMA9 and EMA21 are very close indicating a sideways market, MACD histogram is small and not expanding, and recent candles show high wicks, so the trend is not clear and strong enough for a short entry."
2026-01-07T07:34:47.255Z,ETHUSDT,HOLD,32,N/A,"EMA9 and EMA21 are almost equal, indicating a weak/sideways market. MACD histogram is negative and very small, showing fading bearish momentum. Numerous high wicks suggest price uncertainty. Trend is not clear and momentum criteria are not satisfied, so no high‑probability entry meets the strict rules."
2026-01-07T07:34:47.255Z,BTCUSDT,HOLD,42,N/A,"Market is sideways with EMA9 and EMA21 almost equal, high wicks indicating uncertainty, and no clear strong trend. Despite a bullish MACD histogram, the overall setup does not meet the strict entry criteria."
2026-01-07T07:29:47.037Z,SOLUSDT,HOLD,30,N/A,"EMA9 and EMA21 are almost overlapping, indicating a weak/sideways market. Recent candles show high wicks and mixed direction, and the overall trend lacks the clear strength required for a high‑probability short. Preserve capital until a stronger, unambiguous setup appears."
2026-01-07T07:29:47.037Z,BTCUSDT,HOLD,45,N/A,"EMA9 and EMA21 are extremely close, high wicks indicate rejection, and market is flagged as weak/sideways; conditions for a reliable long entry are not met."
2026-01-07T07:24:48.066Z,SOLUSDT,HOLD,45,N/A,"EMA9 and EMA21 are very close, indicating a weak/sideways market. Trend is not clear and strong enough for a high‑probability short. Despite bearish MACD and RSI, the lack of a decisive trend and recent high wicks suggest uncertainty, so capital preservation dictates waiting."
2026-01-07T07:24:48.066Z,ETHUSDT,HOLD,55,N/A,"EMA9 and EMA21 are very close indicating a weak/sideways trend, recent candles have many high wicks, and momentum is not clearly accelerating. Conditions for a high‑probability short entry are not met, so capital preservation dictates no trade."
2026-01-07T07:24:48.066Z,BTCUSDT,HOLD,32,N/A,"Market is sideways with weak EMA separation, high wicks, and no clear breakout pattern; trend not strong enough for a reliable entry."
2026-01-07T07:19:44.775Z,ETHUSDT,HOLD,30,N/A,"Mixed signals: EMA9≈EMA21, bearish MACD histogram, frequent high wicks, and no clear momentum. Trend is weak/sideways, failing the required entry criteria."
2026-01-07T07:19:44.775Z,BTCUSDT,HOLD,30,N/A,"EMA9 and EMA21 are almost overlapping indicating a sideways market; frequent high wicks show price rejection and uncertainty; trend is not clear and strong enough for a high‑probability entry."
2026-01-07T07:14:47.442Z,SOLUSDT,HOLD,45,N/A,"Trend is weak/sideways; EMA9 and EMA21 are very close, momentum is not clearly accelerating, and recent price action shows high wicks. No clear high‑probability setup, so capital preservation is priority."
2026-01-07T07:14:47.442Z,ETHUSDT,HOLD,30,N/A,"EMA9 and EMA21 are virtually equal, indicating a weak/sideways market. MACD histogram is bearish but overall trend is bullish and unclear. RSI is neutral, and recent candles show many high wicks, suggesting uncertainty. No clear pattern or strong momentum, so preserving capital is paramount."
2026-01-07T07:14:47.442Z,BTCUSDT,HOLD,30,N/A,"EMA9 and EMA21 are almost equal, indicating a weak/sideways market; high wicks and close EMA lines suggest unclear trend despite bearish MACD, so capital preservation is prioritized."
2026-01-07T07:09:48.674Z,SOLUSDT,HOLD,30,N/A,"EMA9 and EMA21 are very close, indicating a weak/sideways market; trend is not clear and recent candles show high wicks, creating uncertainty."
2026-01-07T07:09:48.674Z,BTCUSDT,HOLD,35,N/A,"Trend is weak/sideways and EMA9 and EMA21 are very close, violating the clear strong trend requirement. High wicks indicate price rejection, increasing uncertainty. Although MACD and RSI are bearish‑neutral, not all entry conditions are satisfied, so preserving capital is paramount."
2026-01-07T07:04:57.597Z,SOLUSDT,HOLD,35,N/A,"EMA9 and EMA21 are very close indicating a weak/sideways market; recent candles show high wicks and no clear breakout. Trend is not clear or strong enough for a short entry despite bearish momentum and acceptable RSI."
2026-01-07T07:04:57.597Z,ETHUSDT,HOLD,45,N/A,"The market is sideways; EMA9 and EMA21 are almost identical, indicating no clear trend. RSI is neutral, MACD histogram is bearish but momentum is fading, and recent candles show high wicks, all pointing to uncertainty. Capital preservation dictates waiting for a stronger setup."
2026-01-07T07:04:57.597Z,BTCUSDT,HOLD,32,N/A,"EMA9 and EMA21 are virtually equal, indicating a sideways market with no clear trend. RSI is neutral, MACD histogram is bearish but momentum is not accelerating, and recent candles show many high wicks, suggesting uncertainty. Conditions for a high‑probability entry are not met, so preserving capital is the priority."
2026-01-07T06:59:57.423Z,SOLUSDT,HOLD,30,N/A,"Trend is weak/sideways, EMA9 and EMA21 are very close, and recent candles show high wicks indicating uncertainty. Momentum is fading and the setup does not meet the strict criteria for a high‑probability short entry."
2026-01-07T06:59:57.423Z,ETHUSDT,HOLD,30,N/A,"EMA9 and EMA21 are almost equal, indicating a weak/sideways market. Recent candles show many high wicks, suggesting uncertainty. Although MACD histogram is negative, the overall trend lacks clear strength, so a short entry does not meet the high‑probability criteria."
2026-01-07T06:59:57.423Z,BTCUSDT,HOLD,30,N/A,"EMA9 and EMA21 are almost identical, indicating a sideways market, and many candles show high wicks. Momentum is unclear and the trend is weak, so the short setup does not meet all high‑quality entry criteria."
2026-01-07T06:54:49.423Z,SOLUSDT,HOLD,45,N/A,"EMA9 and EMA21 are almost equal, indicating a weak/sideways market; multiple high wicks show price uncertainty; MACD histogram is small and not expanding; overall trend is not clear enough for a high‑probability short. Preserve capital."
2026-01-07T06:54:49.423Z,ETHUSDT,HOLD,30,N/A,"The market is sideways; EMA9 and EMA21 are nearly equal, MACD histogram is shrinking, and recent candles show high wicks indicating uncertainty. No clear strong trend meets the required entry criteria, so capital preservation dictates no trade."
2026-01-07T06:54:49.423Z,BTCUSDT,HOLD,45,N/A,"EMA9 and EMA21 are nearly equal, indicating a weak/sideways trend; recent candles have high wicks, creating uncertainty; overall conditions for a short entry are not fully satisfied."
2026-01-07T06:49:45.792Z,ETHUSDT,HOLD,30,N/A,"Trend is weak/sideways, EMA9 and EMA21 are very close, and many candles show high wicks indicating uncertainty. Although MACD histogram is negative, the lack of a clear, strong bearish pattern fails the entry checklist."
2026-01-07T06:49:45.792Z,BTCUSDT,HOLD,45,N/A,"EMA9 and EMA21 are almost overlapping, candles show high wicks and no clear breakout pattern. Trend is weak/sideways despite bullish MACD and acceptable RSI, so not all entry criteria are satisfied."
2026-01-07T06:45:09.332Z,SOLUSDT,HOLD,30,N/A,"Trend is weak/sideways and momentum is not clearly accelerating; high wicks indicate uncertainty. Preserve capital."
2026-01-07T06:45:09.332Z,ETHUSDT,HOLD,30,N/A,"EMA9 and EMA21 are almost equal, indicating a weak/sideways market. Trend is not clear, and recent candles show high wicks, adding uncertainty. All entry criteria are not satisfied, so capital preservation requires no trade."
2026-01-07T06:45:09.332Z,BTCUSDT,HOLD,42,N/A,"EMA9 and EMA21 are virtually identical indicating a sideways market, while high wicks show price rejection. Although short score is high, the weak/sideways EMA trend and neutral RSI increase reversal risk. Capital preservation dictates waiting for a clearer setup."
2026-01-07T06:40:10.605Z,SOLUSDT,HOLD,30,N/A,"Although short score is high, EMAs are very close indicating a weak/sideways trend, MACD histogram is minimal (potentially contracting), and recent candles show high wicks and uncertainty. Not all entry criteria are met, so capital preservation dictates waiting."
2026-01-07T06:40:10.605Z,ETHUSDT,HOLD,30,N/A,"EMA9 and EMA21 are almost equal indicating a sideways market, recent candles show high wicks suggesting uncertainty, and the overall trend is weak. Conditions for a high‑probability short entry are not fully met, so capital preservation dictates holding."
2026-01-07T06:40:10.605Z,BTCUSDT,HOLD,35,N/A,"EMA9 and EMA21 are almost identical, indicating a sideways market; high wicks show price rejection; RSI is neutral; MACD histogram is negative but momentum is not accelerating. No clear trend or strong momentum, so trade conditions are not satisfied. Preserving capital is priority."
2026-01-07T06:34:46.811Z,SOLUSDT,HOLD,45,N/A,"EMA9 and EMA21 are almost equal and recent candles show high wicks, indicating a weak/sideways market with unclear momentum. Conditions do not meet the strict entry criteria."
2026-01-07T06:34:46.811Z,ETHUSDT,HOLD,45,N/A,"Trend is weak/sideways (EMA9≈EMA21) and price shows many high wicks, indicating uncertainty. Although MACD and short score are bearish, the lack of a clear, strong trend and ambiguous price action fail the entry checklist. Capital preservation dictates waiting for a higher‑probability setup."
2026-01-07T06:34:46.811Z,BTCUSDT,HOLD,42,N/A,"Mixed signals: EMA9/21 barely bullish, MACD histogram negative indicating bearish momentum, frequent high wicks, and RSI only neutral. Trend is weak/sideways, so conditions for a high‑probability entry are not met."
2026-01-07T06:29:42.810Z,SOLUSDT,HOLD,45,N/A,"EMA9 and EMA21 are almost equal indicating a sideways market; recent candles show high wicks and weak momentum, making the short setup unreliable despite bearish indicators."
2026-01-07T06:29:42.810Z,ETHUSDT,HOLD,40,N/A,"EMA9 and EMA21 are almost identical indicating a sideways market; overall trend is neutral, RSI is only mildly bullish, and the price action shows many high wicks and no clear breakout. Conditions for a high‑probability trade are not met, so preserving capital is paramount."
2026-01-07T06:29:42.810Z,BTCUSDT,HOLD,30,N/A,"Trend is weak/sideways, MACD histogram shows bearish momentum, EMA9 and EMA21 are too close, and recent candles have high wicks, indicating uncertainty. Conditions for a high‑probability entry are not met."
2026-01-07T06:24:42.388Z,SOLUSDT,HOLD,45,N/A,"EMA9 and EMA21 are almost equal, indicating a weak/sideways market; frequent high wicks show price rejection and uncertainty; trend is not clear and strong enough for a short entry despite bearish indicators."
2026-01-07T06:24:42.388Z,ETHUSDT,HOLD,45,N/A,"EMA9 and EMA21 are too close, indicating a weak/sideways market. High wicks and lack of a clear breakout pattern reduce confidence. Although short indicators are favorable, the trend is not clear and momentum is fading, so capital preservation dictates no trade."
2026-01-07T06:24:42.388Z,BTCUSDT,HOLD,45,N/A,"EMAs are very close indicating a weak/sideways market, and recent candles have high wicks showing rejection and uncertainty. Despite bearish indicators, the setup does not meet the strict criteria for a high‑probability short entry."
2026-01-07T06:19:42.924Z,SOLUSDT,HOLD,35,N/A,"EMA9 and EMA21 are almost equal, indicating a weak/sideways market. MACD histogram is not expanding and recent candles show many high wicks, signaling uncertainty. Despite a bearish bias, the lack of clear trend and momentum makes this setup low quality for a short entry. Capital preservation dictates waiting for a clearer signal."
2026-01-07T06:19:42.924Z,ETHUSDT,HOLD,40,N/A,"EMA9 and EMA21 are almost equal, indicating a weak/sideways market; numerous high wicks suggest price rejection; trend is not clear and strong enough to meet all entry criteria."
2026-01-07T06:19:42.924Z,BTCUSDT,HOLD,30,N/A,"EMA9 and EMA21 are almost equal, indicating a sideways market; recent candles show high wicks and uncertainty, and the trend is weak. Not all entry conditions are met, so capital preservation dictates waiting."
2026-01-07T06:14:53.446Z,SOLUSDT,HOLD,45,N/A,"EMA9 and EMA21 are almost equal, indicating a weak/sideways market; recent candles show many high wicks and price rejection, adding uncertainty. Although short indicators are favorable, the lack of a clear strong trend and the risk of reversal outweigh the potential reward."
2026-01-07T06:14:53.446Z,ETHUSDT,HOLD,45,N/A,"EMA9 and EMA21 are very close, indicating a weak/sideways market. High wicks suggest price rejection and uncertainty. Although MACD histogram is bearish, the overall trend is not clear and strong enough for a safe short entry. Prioritizing capital preservation, no trade is taken."
2026-01-07T06:14:53.446Z,BTCUSDT,HOLD,32,N/A,"EMA9 and EMA21 are too close indicating sideways market, many high wicks create uncertainty, and trend is weak; does not meet strict entry criteria."
2026-01-07T06:09:45.978Z,SOLUSDT,HOLD,32,N/A,"EMA9 and EMA21 are virtually equal, indicating a weak/sideways market. High wicks on recent candles show price rejection and uncertainty. Although MACD histogram is slightly bearish and RSI is neutral, the overall trend lacks clear strength, failing the required entry criteria."
2026-01-07T06:09:45.978Z,ETHUSDT,HOLD,30,N/A,"EMA9 and EMA21 are too close, indicating a weak/sideways market; multiple high wicks show uncertainty; despite bearish indicators, trend is not clear enough for a high‑probability short."
2026-01-07T06:09:45.978Z,BTCUSDT,HOLD,30,N/A,"EMA9 and EMA21 are extremely close indicating a weak/sideways market; recent candles show high wicks and rejection, creating uncertainty despite bearish MACD and RSI. Trend is not clear and strong, so capital preservation dictates no trade."
2026-01-07T06:04:47.742Z,SOLUSDT,HOLD,30,N/A,"Sideways market, EMA9≈EMA21, no clear trend, high wicks indicate uncertainty; conditions for a high‑probability trade not met."
2026-01-07T06:04:47.742Z,ETHUSDT,HOLD,30,N/A,"EMA9 and EMA21 are too close, indicating a sideways market; multiple recent candles have high wicks showing rejection; overall trend is weak/bearish but not clear, so risk of false signal is high."
2026-01-07T06:04:47.742Z,BTCUSDT,HOLD,42,N/A,"EMA9 and EMA21 are almost overlapping, indicating a weak/sideways market; recent candles show many high wicks and the bearish momentum is not strong enough for a high‑probability short. Preserve capital."
2026-01-07T05:59:41.220Z,SOLUSDT,HOLD,35,N/A,"Market is sideways with EMA9≈EMA21, mixed long/short scores, high wicks, neutral RSI and no clear trend. Momentum is weak and BTC is declining, so preserving capital is priority."
2026-01-07T05:59:41.220Z,ETHUSDT,HOLD,45,N/A,"While short indicators are favorable, the EMA9 and EMA21 are very close, indicating a weak/sideways trend. High wicks and ambiguous price action add uncertainty, violating the clear‑trend and momentum criteria. Capital preservation dictates waiting for a stronger setup."
2026-01-07T05:59:41.220Z,BTCUSDT,HOLD,45,N/A,"Trend is weak/sideways, EMA9 and EMA21 are very close, and recent candles show high wicks indicating uncertainty. Despite bearish indicators, conditions are not strong enough for a reliable short entry."
2026-01-07T05:57:45.849Z,SOLUSDT,HOLD,35,N/A,"Market is sideways with EMA9 and EMA21 almost equal, mixed long/short signals, high wicks indicating uncertainty, RSI neutral, and no clear trend. Conditions for a high‑probability trade are not met."
2026-01-07T05:57:45.849Z,ETHUSDT,HOLD,45,N/A,"Although short indicators are favorable, the EMA trend is weak/sideways and recent candles show high wicks, indicating uncertainty. Trend is not clear and strong, so capital preservation dictates waiting."
2026-01-07T05:57:45.849Z,BTCUSDT,HOLD,35,N/A,"EMA9 and EMA21 are extremely close indicating a weak/sideways market, recent candles show high wicks (rejection), and despite bearish momentum, the lack of a clear strong trend fails the entry checklist."
2026-01-07T05:49:46.031Z,SOLUSDT,HOLD,30,N/A,"Market is sideways with weak EMA separation, neutral trend, and high-wick candles; conditions for a clear strong trend and momentum are not met."
2026-01-07T05:49:46.031Z,BTCUSDT,HOLD,45,N/A,"EMA9 and EMA21 are very close indicating a sideways market, recent candles show high wicks (rejection), and the overall trend is weak/sideways despite bearish indicators. Conditions are not clear enough for a high‑probability short, so capital preservation dictates waiting."
2026-01-07T05:47:46.151Z,SOLUSDT,HOLD,45,N/A,"EMA9 and EMA21 are almost overlapping, multiple high wicks show rejection, and the bullish signal is weak; trend is not clear enough for a high‑probability entry, so preserving capital is priority."
2026-01-07T05:47:46.151Z,ETHUSDT,HOLD,42,N/A,"EMA9 and EMA21 are extremely close indicating a sideways market; recent candles have high wicks showing rejection; MACD histogram is not expanding; overall trend is weak and could reverse. Conditions for a reliable short entry are not met, so capital preservation dictates no trade."
2026-01-07T05:47:46.151Z,BTCUSDT,HOLD,40,N/A,"Market is sideways with EMA9 and EMA21 almost equal, high wicks indicate uncertainty, and no clear trend despite short‑score favoring a sell. Conservatively preserving capital is best."
2026-01-07T05:39:47.178Z,SOLUSDT,HOLD,42,N/A,"EMA9 and EMA21 are very close indicating a weak/sideways market, recent candles show high wicks (rejection), MACD histogram is minimal, and BTC is trending downwards which opposes a long bias. Conditions do not meet the strict entry checklist, so preserving capital is paramount."
2026-01-07T05:39:47.178Z,ETHUSDT,HOLD,30,N/A,"EMA9 and EMA21 are almost equal, indicating a weak/sideways market; recent candles show high wicks and uncertainty; despite bearish MACD, the overall trend is not clear enough for a high‑probability short. Capital preservation dictates waiting for a stronger setup."
2026-01-07T05:39:47.178Z,BTCUSDT,HOLD,40,N/A,"EMA9 and EMA21 are nearly identical, MACD histogram is bearish, and candles show high wicks, indicating sideways/uncertain market. No clear strong trend or momentum to justify a trade."
2026-01-07T05:37:47.983Z,SOLUSDT,HOLD,40,N/A,"EMA9 and EMA21 are very close indicating a weak/sideways market, recent candles show many high wicks, and MACD histogram is minimal, so the trend is not clear and momentum is not accelerating. Conditions for a high‑probability long entry are not met."
2026-01-07T05:37:47.983Z,ETHUSDT,HOLD,30,N/A,"Market is sideways with EMA9 and EMA21 almost equal, no clear trend. MACD histogram does not show expanding bearish momentum, and recent candles have high wicks indicating uncertainty. Conditions for a high‑probability short entry are not met, so preserving capital is priority."
2026-01-07T05:37:47.983Z,BTCUSDT,HOLD,30,N/A,"Trend is weak/sideways (EMA9≈EMA21), MACD histogram is bearish, price action shows high wicks and mixed signals, RSI is neutral, and entry criteria are not fully met. Preserve capital."
2026-01-07T05:32:48.246Z,SOLUSDT,HOLD,30,N/A,"Mixed signals: weak bullish EMA gap, bearish MACD histogram, high wicks, and only 2/4 entry criteria met. Trend not clear enough for a high‑probability trade."
2026-01-07T05:32:48.246Z,ETHUSDT,HOLD,30,N/A,"EMA9 and EMA21 are very close indicating a weak/sideways market; high wicks suggest price rejection; trend is not clear and strong enough for a reliable short entry despite bearish indicators."
2026-01-07T05:32:48.246Z,BTCUSDT,HOLD,45,N/A,"Market is neutral/sideways with weak bearish signals. Existing long position is only slightly in profit; closing now would lock a small gain against the rules. No clear trend or strong momentum for a new trade."